Vehicle Number,FirstName,LastName,Age,Gender,Address,
NR255603,Felice,Daegal,59,Male,Jaipur,
CG470486,Tilly,Willie,54,Female,Noida,
FR459652,Queenie,Gabrielli,28,Female,New Delhi,
CL535073,Rosanne,Ferrell,22,Female,Gurgaon,
BE859231,Jacenta,Charmine,38,Female,Jaipur,
CA546313,Basia,Blisse,55,Male,New Delhi,
GF295461,Neila,Wind,59,Female,New Delhi,
CU220578,Annice,Faria,51,Female,Gurgaon,
NZ400544,Christy,Henebry,37,Female,New Delhi,
BR956289,Cherilyn,Philipp,50,Male,New Delhi,
RE576372,Jessy,Rustice,40,Male,Noida,
PK497455,Florencia,Sidonius,62,Male,Gurgaon,
MY700803,Ardys,Nance,35,Female,New Delhi,
KR293871,Cassandra,Bari,27,Male,Faridabad,
FM665494,Candi,Gahl,25,Female,Faridabad,
SC326676,Stephanie,Pulsifer,54,Male,Jaipur,
BZ207357,Jaclyn,Cornelia,44,Female,Noida,
PE444087,Adelle,Felizio,62,Female,New Delhi,
MX641102,Mureil,Jenness,54,Male,Noida,
AF290199,Tina,Morehouse,59,Male,New Delhi,
YE465978,Johna,Belldas,20,Female,Gurgaon,
DO732448,Ardeen,Sparhawk,42,Male,Noida,
CU531149,Beatriz,Vale,54,Male,Gurgaon,
TF765347,Elyssa,Bari,65,Male,Noida,
SJ644021,Teriann,Silvan,30,Female,New Delhi,
PM534498,Janis,Cath,65,Female,Faridabad,
FI400116,Tierney,Loring,41,Female,Faridabad,
EG947819,Jenilee,Belanger,39,Male,New Delhi,
BE347789,Fayre,Hull,41,Male,Noida,
VN255987,Grier,Tremayne,36,Male,Noida,
SC465770,Margalo,Elbertina,54,Male,Noida,
LR212712,Cordi,Chauncey,35,Male,Jaipur,
MT402124,Livvyy,Chaing,65,Female,New Delhi,
IN556127,Aryn,Wareing,37,Male,Faridabad,
UM493692,Lorie,Bouchard,59,Female,Noida,
ID696835,Wynne,Kirbee,24,Female,Jaipur,
BB495118,Bettine,Frendel,20,Female,Jaipur,
PY868025,Pamella,Ciro,42,Female,Jaipur,
RO708799,Cassondra,McLaughlin,65,Male,Jaipur,
SK241967,Misha,Liebermann,24,Male,Faridabad,
NP950745,Romona,Sothena,48,Male,Gurgaon,
KI645348,Renie,Rubie,49,Male,Noida,
MP676494,Debee,Fiann,34,Female,New Delhi,
CF979581,Stephanie,Boehike,33,Female,Gurgaon,
GR943178,Melina,Frendel,27,Female,Faridabad,
FM252723,Candi,Mata,28,Female,New Delhi,
LR446208,Tobe,Cadmar,48,Female,Noida,
KN257627,Winifred,Zachary,37,Female,Faridabad,
LU942809,Fawne,Judye,58,Male,Faridabad,
IM208376,Miquela,O'Rourke,46,Male,Faridabad,
BO657875,Agathe,Winthorpe,24,Male,Noida,
NC927899,Ronna,Seumas,58,Male,Noida,
JM662765,Gerrie,Erlandson,20,Male,Noida,
FJ441701,Mariele,Hull,32,Female,Gurgaon,
YT111316,Katuscha,Yuille,43,Male,New Delhi,
CH643635,Kore,Ackerley,39,Male,Faridabad,
GL788860,Barbara,Lymann,32,Female,New Delhi,
SY610751,Margette,Adalbert,54,Male,Jaipur,
PN110190,Pierette,Gaal,31,Female,Gurgaon,
TT394988,Nariko,Elephus,54,Male,Faridabad,
HU647565,Mara,Mallon,64,Female,Faridabad,
BN588559,Beatriz,Bultman,39,Female,Gurgaon,
LR225658,Lexine,Celestine,36,Female,Jaipur,
KG318253,Emelina,Jerald,57,Male,Jaipur,
HN577962,Livvyy,Munn,37,Female,Gurgaon,
GW478937,Cyb,Ezar,23,Female,Noida,
US140412,Beatriz,Atonsah,36,Male,Gurgaon,
NE594842,Kore,Taima,62,Female,Faridabad,
BJ461569,Lilith,Hazlett,43,Female,Gurgaon,
BV912746,Lelah,Weinreb,60,Male,Faridabad,
TG904796,Konstance,Pelagias,50,Female,Gurgaon,
NG362390,Sharlene,Sheedy,61,Female,Noida,
TW855492,Shaine,Ethban,41,Female,Jaipur,
BE731348,Cam,Kress,52,Male,Gurgaon,
UZ406702,Vanessa,Alva,33,Male,Faridabad,
SD911886,Wileen,Rheingold,65,Female,Gurgaon,
NZ370569,Briney,Tyson,51,Male,Faridabad,
ER472320,Maud,Meli,47,Female,Gurgaon,
NO694109,Mahalia,Cressida,60,Female,New Delhi,
PK455613,Ninnetta,Thar,22,Male,Faridabad,
PG873070,Nicoli,Fitzsimmons,53,Female,Gurgaon,
GL351251,Latisha,Hamil,42,Female,Noida,
NA793561,Sam,Talia,65,Female,Faridabad,
BG512818,Myrtice,Rogerio,53,Female,Jaipur,
TC151148,Rhea,Kaja,64,Male,New Delhi,
LU917464,Joleen,Kenney,58,Female,Gurgaon,
JO944581,Minda,Kirstin,57,Female,Noida,
CD318581,Rebeca,Posner,30,Male,Faridabad,
MV711072,Bill,Raul,33,Male,Jaipur,
SB178818,Liana,Percy,40,Male,New Delhi,
SL156278,Tori,Weitman,24,Male,Noida,
AN142505,Margarette,Marsden,25,Female,New Delhi,
AZ943555,Albertina,Cavan,51,Male,Noida,
LA208408,Raf,Jalbert,53,Female,Noida,
KZ983116,Dacia,Dawkins,50,Male,Jaipur,
WF92209,Cissiee,Lalitta,53,Female,Faridabad,
SK264034,Elbertina,Kelula,52,Female,Faridabad,
NZ663373,Frieda,Erich,28,Female,Jaipur,
IO956020,Dorene,Ariella,32,Female,Jaipur,
CN102064,Jolyn,Fontana,55,Male,Faridabad,
LK782416,Ofilia,Raffo,40,Male,Jaipur,
BF177581,Agnese,Lumbard,40,Female,Jaipur,
JP599096,Cherilyn,Ioab,52,Male,Gurgaon,
KZ922513,Gwenneth,Granoff,34,Female,Noida,
SC381715,Lilith,Chabot,59,Male,Faridabad,
CA662238,Constance,Gale,20,Male,Jaipur,
AZ268520,Ericka,Sancho,44,Female,New Delhi,
BM817591,Daryl,Valerio,38,Male,Noida,
NC222294,Courtnay,Mich,53,Female,Gurgaon,
QA253144,Pamella,Boycey,32,Female,Gurgaon,
BG730815,Modestia,Dearborn,60,Male,Noida,
SO803654,Carlie,Brackely,47,Female,Jaipur,
DK149607,Anica,Agle,30,Male,Gurgaon,
AU742816,Britte,Trinetta,56,Male,Noida,
NA893750,Ileana,Bertold,58,Female,Gurgaon,
UZ199272,Flo,Francene,20,Male,Noida,
SC595235,Carlie,Lucienne,60,Male,New Delhi,
UA621967,Emma,Heidt,41,Male,Faridabad,
FI270232,Lindie,Alexandr,61,Female,Jaipur,
LC658569,Peri,Wenda,28,Male,New Delhi,
SV705666,Liana,Hepsibah,56,Male,Gurgaon,
GY562594,Anica,Weaks,38,Male,New Delhi,
SB826577,Jan,Edison,54,Female,Jaipur,
GA627645,Nelle,Dreda,28,Female,Noida,
VI525442,Feliza,Niccolo,37,Male,Faridabad,
AQ704895,Corina,Ferrell,46,Male,New Delhi,
GG898647,Ottilie,Waite,54,Female,Gurgaon,
MY493105,Ayn,Posner,64,Male,Faridabad,
YT612469,Rosene,Ries,35,Female,Jaipur,
FR879490,Winifred,Arquit,24,Female,Jaipur,
PK547890,Justinn,Standing,57,Female,New Delhi,
QA693417,Priscilla,Silvan,46,Male,New Delhi,
KP468411,Carree,Howlyn,48,Male,New Delhi,
PT738143,Latisha,Natica,22,Male,Faridabad,
KR410285,Nessie,Bow,25,Male,New Delhi,
LT840930,Rochette,Anyah,64,Male,Faridabad,
AD778635,Catrina,Vins,56,Female,Gurgaon,
IO601933,Gerrie,Ethban,52,Male,Gurgaon,
AI648125,Marguerite,Bultman,34,Male,Gurgaon,
BO697698,Olivette,Poll,35,Female,New Delhi,
BF440480,Blinni,Izaak,55,Female,Jaipur,
TH784945,Harrietta,Raama,49,Female,Jaipur,
TD959735,Melodie,Darian,28,Male,Jaipur,
SV35968,Yetty,Cleo,56,Male,Noida,
BD193861,Madeleine,Desai,56,Female,Noida,
TC255304,Elise,Bohlin,32,Female,Faridabad,
PY797167,Rivalee,Concha,40,Male,Jaipur,
WS926011,Gabi,Lutero,20,Male,Gurgaon,
MX575106,Elmira,Francyne,41,Male,Jaipur,
PN909867,Lenna,Deny,61,Female,Jaipur,
FK802667,Korrie,Avi,32,Female,New Delhi,
MC924242,Pollyanna,Chick,30,Female,Faridabad,
HR936158,Genovera,Woodberry,50,Male,Noida,
BG940184,Kirstin,Georgy,34,Male,Gurgaon,
LA995782,Arlena,Abernon,23,Male,New Delhi,
YE953582,Binny,Noelyn,43,Male,Noida,
NO610918,Shaylyn,Kunin,22,Male,Faridabad,
NI527603,Keelia,Emmaline,26,Female,Jaipur,
TD143811,Vivia,Wolfgram,60,Male,Jaipur,
CY612191,Delilah,Douglass,62,Male,Gurgaon,
KZ100350,Ninnetta,Ciapas,62,Female,Noida,
VN143238,Feliza,Sothena,23,Male,Gurgaon,
SO423151,Leeanne,Edmund,32,Female,Jaipur,
SM584458,Albertina,Gaynor,58,Female,Gurgaon,
PG599597,Shannah,Alfons,59,Female,Noida,
IS278161,Andeee,Sparhawk,53,Male,Jaipur,
LK234940,Carmela,Sothena,28,Male,Faridabad,
ER776685,Shannah,Karl,38,Male,New Delhi,
BN152174,Wileen,Terencio,60,Female,Faridabad,
PS789702,Elie,Bennie,59,Female,New Delhi,
OM654608,Blake,Annabella,55,Female,Gurgaon,
PY554622,Rubie,Hepsibah,47,Female,Jaipur,
SL295226,Genevra,Marlie,54,Male,New Delhi,
ID154233,Kary,Audly,23,Female,New Delhi,
PK590317,Roxane,Trace,61,Female,New Delhi,
MC643888,Julieta,Marcellus,48,Male,New Delhi,
ID465966,Gavrielle,Lail,32,Male,Gurgaon,
HT534266,Jaime,Maryanne,34,Male,Gurgaon,
LC761792,Oona,Tufts,44,Female,Noida,
KY299454,Libbie,Anyah,54,Female,New Delhi,
DE200885,Leeanne,Jotham,44,Male,Faridabad,
MU651119,Millie,Elisha,31,Female,Gurgaon,
TF991172,Michaelina,Deny,38,Male,Gurgaon,
AS974818,Bernardine,Merriott,43,Male,Noida,
ZW508942,Queenie,Marden,43,Male,Jaipur,
CL410655,Cristine,Tomasina,60,Male,New Delhi,
SO912957,Ursulina,Dosia,49,Female,New Delhi,
LA794191,Frank,Andrel,42,Female,Noida,
BZ923584,Wilma,Keelia,40,Female,Gurgaon,
GU122115,Ebonee,Sacken,25,Female,Noida,
NL932968,Dania,MacIntosh,38,Female,Faridabad,
GH178476,Therine,Gavrila,25,Male,Gurgaon,
KR944614,Kayla,Fancie,29,Female,Gurgaon,
SD161018,Brandise,Janith,59,Male,New Delhi,
CA101839,Barbi,Margret,52,Female,Gurgaon,
CA900012,Madeleine,Morgun,47,Female,Jaipur,
SE995815,Christal,Vins,42,Male,Noida,
JO929537,Clo,Mintz,52,Female,Gurgaon,
QA643268,Lauryn,Ioab,30,Male,New Delhi,
SL739028,Dolli,Gaulin,32,Male,Jaipur,
MC325634,Beverley,Faust,29,Female,Noida,
LV641434,Maud,Winnick,42,Male,New Delhi,
CM366608,Deirdre,Beebe,25,Male,New Delhi,
TD850252,Doralynne,Rosemary,27,Male,Noida,
BI292773,Selia,Guthrie,45,Male,Faridabad,
BY895746,Vevay,Letsou,51,Male,Noida,
CS352078,Etta,Parsaye,33,Male,New Delhi,
FR721118,Goldie,Chapland,56,Female,Gurgaon,
KE776416,Vinita,Candy,40,Male,New Delhi,
BV413712,Adore,Lay,63,Male,Faridabad,
BS584228,Mellicent,Iaverne,23,Male,Faridabad,
EE467000,Ardenia,Loring,41,Male,New Delhi,
GN153359,Beverley,Brittani,50,Female,Noida,
BS718324,Joane,Phi,30,Female,Noida,
MM856557,Kary,Charity,50,Male,Faridabad,
AU661660,Frank,Bergman,41,Male,Faridabad,
SL477942,Sharai,Bultman,26,Female,Jaipur,
BA909613,Tabbatha,Ralfston,64,Male,Noida,
GS399251,Penelopa,Brian,41,Male,Jaipur,
EC881948,Sabina,Papageno,57,Male,Jaipur,
BW434358,Tatiania,Casimir,20,Female,Noida,
GN310060,Candi,Haerr,24,Male,New Delhi,
JO458451,Noelle,Argus,61,Male,Gurgaon,
SI211066,Susan,Maples,50,Male,Jaipur,
SZ129136,Karina,Gert,23,Female,Faridabad,
QA818612,Augustine,Suk,37,Male,New Delhi,
AF643846,Roslyn,Wooster,20,Female,New Delhi,
TF126458,Carly,Infield,49,Female,New Delhi,
US790648,Kate,Hoenack,43,Female,New Delhi,
SM444616,Myriam,Huggins,57,Male,Noida,
TT707401,Korrie,Pernick,53,Male,New Delhi,
AW455352,Susan,Ashok,63,Male,Faridabad,
BA642311,Queenie,Tippets,33,Male,Jaipur,
MZ629259,Karolina,Rubie,26,Female,Noida,
BE526271,Janis,Colyer,42,Female,Noida,
AZ959481,Adriana,Rheingold,57,Male,Jaipur,
MW327167,Jacenta,Rogerio,63,Female,Jaipur,
GI197831,Dolli,Faust,40,Female,Faridabad,
ET859025,Selma,Maroney,30,Male,Noida,
AZ520141,Brandise,Hilbert,24,Female,Faridabad,
NE500354,Kassey,Connelly,54,Male,Faridabad,
KY595119,Asia,Hanleigh,32,Male,Noida,
CY880894,Melanie,Emmaline,49,Female,Jaipur,
BG527788,Damaris,Carey,62,Female,Faridabad,
KH192471,Sharlene,Lilybelle,44,Male,Gurgaon,
CK442275,Gwenneth,Sibyls,60,Male,Faridabad,
FJ501627,Addia,Aldric,44,Female,Gurgaon,
DE869165,Jolyn,Japeth,48,Male,Gurgaon,
GE468914,Patricia,Cordi,52,Female,Faridabad,
VE546663,Renae,Stanwood,38,Male,New Delhi,
VI424824,Lanae,Rugen,54,Female,New Delhi,
CU618702,Marleah,Tamsky,21,Female,Noida,
LS568105,Leeanne,Corabella,50,Male,Gurgaon,
SV661983,Joy,Sholley,54,Male,New Delhi,
BH508405,Lorie,Fink,29,Female,Faridabad,
PG560701,Shel,Lowry,33,Male,New Delhi,
GQ684113,Deedee,Delacourt,27,Male,Faridabad
SL106597,Quintina,Wu,25,Male,Gurgaon
CU759128,Odessa,Weitman,52,Male,Jaipur
NZ204524,Desirae,Rese,36,Female,Noida
NF614025,Harrietta,Aprile,24,Female,Faridabad
GU436505,Lucille,Evvie,64,Female,New Delhi
GG407371,Sheelagh,Skurnik,52,Male,Gurgaon
GH435213,Ingrid,Iphlgenia,45,Female,Noida
TR413100,Daryl,Reneta,29,Female,Gurgaon
MY412637,Katuscha,Morrill,31,Female,Faridabad
GW151146,Madelle,Lorenz,54,Male,Gurgaon
ZW929117,Sybille,Abbot,62,Female,Gurgaon
EH800213,Aeriela,Bashemeth,52,Female,Gurgaon
TR897708,Ernesta,Rugen,65,Female,Noida
NP278231,Starla,Colleen,23,Male,Noida
CL635134,Lynnea,Rustice,31,Female,Jaipur
TT846129,Carol-Jean,Oriana,58,Female,Noida
SH498751,Kristina,Kirstin,48,Male,Gurgaon
MU130149,Caritta,Clarissa,27,Male,Faridabad
PN138611,Beverley,Emanuel,31,Female,Noida
KH783192,Esmeralda,Rudolph,23,Male,Faridabad
IR205610,Lelah,Velick,36,Female,Noida
FO974147,Kimmy,Chauncey,57,Female,New Delhi
GD273222,Brietta,Albertine,24,Female,New Delhi
MZ291914,Agathe,Craggie,56,Female,New Delhi
HN919225,Aryn,Faro,58,Female,Gurgaon
SI100001,Sue,Manolo,21,Female,Gurgaon
ER481448,Gratia,Berard,47,Female,New Delhi
AW813234,Barbi,Waldron,42,Male,Faridabad
WF614036,Kelly,Tristram,46,Female,Faridabad
NA641736,Oralee,Bach,48,Male,Faridabad
GG529703,Ninnetta,Sinegold,48,Female,Faridabad
GH836909,Sharai,Anselmi,52,Female,Jaipur
AF557068,Ginnie,Kathie,24,Male,Gurgaon
KG185051,Meriel,McNully,30,Male,Jaipur
QA683671,Sidoney,Toffic,38,Female,Noida
CG817795,Lynnea,Gombach,55,Male,Noida
TL972584,Shirlee,Sasnett,40,Female,Faridabad
ER528929,Orsola,Hailee,21,Female,Faridabad
BE403260,Barbara,Constancy,43,Male,New Delhi
TG908860,Carol-Jean,Tannie,24,Female,Jaipur
MQ937797,Jennica,Cullin,54,Female,Faridabad
NF392304,Minda,Marden,21,Female,Faridabad
MZ104308,Latisha,Edee,63,Female,Noida
GN426628,Atlanta,Ledah,31,Male,Noida
GD623133,Olwen,Gert,64,Male,Faridabad
LI632303,Britte,Halsey,37,Female,Noida
IN781410,Charissa,Brunell,59,Female,New Delhi
TF648694,Tierney,Tayib,35,Female,New Delhi
CO935749,Cherrita,Sperling,60,Female,Gurgaon
KY294060,Vonny,Azeria,37,Male,Noida
HM825734,Donetta,Pauly,36,Male,Jaipur
MA882040,Clo,Valerio,51,Male,Noida
IM316856,Evaleen,Weinreb,37,Female,Noida
VI506184,Laurene,Uund,21,Male,Gurgaon
BI811419,Donetta,Salvidor,33,Female,Noida
MS455382,Kerrin,Waldron,63,Male,Gurgaon
IR721019,Atlanta,Orpah,57,Female,New Delhi
GT983241,Phedra,Artie,61,Male,Faridabad
CK875160,Corly,Thad,58,Female,Noida
JM452056,Moyna,Deegan,32,Female,Noida
RE476064,Sonni,Carbo,57,Male,Jaipur
US640851,Frieda,Thomasina,26,Male,Noida
AW782841,Korrie,Harned,36,Female,Noida
BT153941,Melisent,Odysseus,59,Female,Noida
GI589666,Clary,Freddi,64,Female,Faridabad
KZ109703,Beverley,Pierette,38,Male,Gurgaon
TJ442502,Vere,Moseley,29,Male,Noida
AI449660,Darlleen,Celestine,53,Male,Faridabad
CM403107,Carlie,Lasley,40,Male,Noida
GR879595,Regina,Secrest,55,Male,Jaipur
IO265675,Wileen,Lory,42,Female,Noida
SR747519,Ida,Timon,55,Female,New Delhi
GH678570,Georgetta,Talia,31,Female,Gurgaon
LA946001,Merry,Aprile,48,Female,New Delhi
FM719106,Ellette,Geffner,43,Female,Faridabad
CZ580057,Rosanne,Christine,56,Female,Jaipur
NA810017,Dode,Azeria,43,Female,Faridabad
SY800054,Valli,Lilybelle,53,Female,Gurgaon
CI562995,Kial,Bibi,52,Male,Gurgaon
PH140774,Adele,Baptlsta,21,Male,Faridabad
BR498143,Lusa,Anderea,57,Female,Noida
ZM294654,Tera,Kinnard,28,Female,Jaipur
AN511023,Danika,Franza,61,Male,Faridabad
UG347523,Theodora,Madelene,33,Female,Jaipur
NR113552,Lelah,Kannry,60,Male,Noida
LB884650,Sherrie,Autrey,30,Male,Noida
UM797237,Yetty,Wallis,61,Male,Noida
PM74941,Josephine,Wenoa,29,Male,Jaipur
KM967562,Tani,Taima,23,Female,Gurgaon
BJ819070,Diena,Weaks,46,Female,Faridabad
TL859238,Melisent,Moseley,61,Male,Faridabad
CS895205,Roslyn,Shelba,39,Female,Gurgaon
GN729835,Annaliese,Lamoree,52,Male,Faridabad
JO649959,Etta,Shelba,21,Female,Noida
AE869015,Beatriz,Ackerley,59,Male,New Delhi
PY433610,Dacia,Carolin,38,Female,Gurgaon
SK334101,Oona,Huggins,32,Female,Faridabad
CU907326,Jackie,Myrilla,46,Male,Jaipur
GF473965,Sharlene,Grimbly,26,Male,Noida
ZW165892,Pollyanna,Gilmour,29,Female,Jaipur
PE911715,Dennie,Ackerley,39,Female,Faridabad
CO154811,Ninnetta,Kamaria,63,Female,New Delhi
NP725959,Wynne,Dermott,22,Female,New Delhi
AO938117,Margalo,Crudden,62,Female,Jaipur
MQ157302,Arlena,Presber,27,Female,New Delhi
DZ598416,Frieda,Gunn,28,Female,Jaipur
CR569388,Jere,Yam,20,Female,Faridabad
GF882994,Belinda,Bartlett,25,Female,Jaipur
BV279785,Melanie,Concha,48,Male,Faridabad
ST572208,Christy,Ivens,27,Female,Noida
KW377943,Janey,Frendel,35,Female,Noida
JP134704,Cassandra,Ardra,22,Male,New Delhi
FM788144,Corry,Peti,49,Female,Faridabad
HT857381,Deirdre,Albertine,62,Male,Noida
BV759847,Oona,Odell,47,Female,Faridabad
AQ699490,Madeleine,Sekofski,24,Male,Gurgaon
UY319287,Claudina,Fosque,43,Female,New Delhi
KW887027,Etta,Wilona,65,Female,Noida
ST931094,Vivia,Kannry,21,Male,Faridabad
SD100569,Ninnetta,Arathorn,48,Female,New Delhi
BZ132173,Cherrita,Callista,27,Female,Gurgaon
MX913835,Daune,Colyer,41,Female,New Delhi
MM547652,Georgetta,Jorgan,54,Male,Gurgaon
MD399328,Moyna,Phi,37,Female,Jaipur
MQ628789,Carolina,Emanuel,61,Male,Jaipur
FJ906817,Marsiella,Tryck,46,Male,Noida
NI857457,Cassandra,Rugen,35,Male,Gurgaon
PT520633,Lucille,Ball,24,Female,Faridabad
UY649308,Larine,Pitt,61,Female,Faridabad
PG378959,Jacquetta,Buttaro,58,Female,Noida
AT420429,Devina,Candy,62,Male,Faridabad
ZW804653,Kimmy,Earlie,63,Female,Noida
LA184232,Mary,Wareing,55,Female,New Delhi
AD939899,Rori,Carbo,42,Female,Noida
SN555929,Flory,Odell,55,Male,Jaipur
PR338711,Alyssa,Brandice,22,Female,Gurgaon
GP700502,Marinna,Remmer,23,Female,Noida
GF794906,Patricia,Serilda,39,Female,New Delhi
LK83674,Claudina,Pettiford,33,Female,Jaipur
QA932778,Fernande,Idelia,26,Female,New Delhi
BR385878,Clarice,Gower,45,Male,Gurgaon
NP359482,Daune,Margret,52,Female,New Delhi
IO632564,Tori,Adlare,58,Male,Jaipur
TO317727,Courtnay,Luhe,50,Female,Jaipur
TO118069,Daune,Meter,57,Male,Faridabad
PR342324,Addia,Noam,28,Male,Noida
FJ624225,Ezmeralda,Janene,57,Female,Noida
ES255690,Eugine,Sprage,35,Male,Gurgaon
AX460370,Aryn,Kaja,40,Female,Gurgaon
CH174214,Cam,Wattenberg,37,Male,Noida
UA683053,Giustina,Elisha,38,Female,New Delhi
SR984944,Maye,Hepsibah,48,Female,Jaipur
CZ141680,Alie,Nedrud,53,Male,New Delhi
KZ616300,Jacenta,Bibi,25,Male,Noida
LB998478,Fina,Wind,52,Male,New Delhi
PY139679,Viviene,Breed,53,Male,Jaipur
SG605126,Sonni,Demitria,27,Male,Gurgaon
RE417876,Georgetta,Mandler,63,Male,Gurgaon
MY681891,Gavrielle,Kylander,58,Female,Jaipur
SL673990,Celene,Merna,30,Male,Faridabad
NC615185,Tami,Wittie,32,Female,Jaipur
SV101951,Brianna,Sherfield,47,Male,Gurgaon
VG333496,Carree,Loleta,32,Male,Noida
LA820320,Caritta,Elbertina,37,Male,Gurgaon
GP976102,Tressa,Aurelio,30,Male,New Delhi
GA847497,Aeriela,Etom,50,Female,Faridabad
ES620711,Tera,Carey,45,Male,Jaipur
FO648938,Lynde,Bord,52,Male,Jaipur
DJ597493,Romona,Carbo,38,Male,Faridabad
TZ668846,Christian,Lanita,48,Male,Gurgaon
GH878421,Ekaterina,Anyah,31,Female,Noida
VI360666,Margalo,Hashim,52,Female,Gurgaon
TH638140,Johna,Tippets,32,Male,Noida
MY709824,Alisha,Kauppi,50,Male,Jaipur
PF900640,Ermengarde,Barney,43,Male,New Delhi
JE117373,Luci,Johanna,32,Male,New Delhi
NU266919,Harmonia,Margret,30,Male,New Delhi
AI294069,Orsola,Goerke,40,Female,New Delhi
TG487359,Calla,Sigfrid,58,Male,Noida
MN444212,Kimmy,Connelly,47,Female,Gurgaon
IQ383724,Karolina,Pozzy,39,Male,Gurgaon
TJ493617,Amalie,Israeli,39,Male,Gurgaon
FK310416,Nessie,Borrell,47,Female,Faridabad
BA310598,Imojean,Modie,21,Male,Noida
BF420291,Rori,Egbert,43,Male,New Delhi
AM180110,Tabbatha,Herrera,49,Male,Noida
MN557422,Max,Tamar,53,Female,Gurgaon
MP446334,Dorothy,Yusuk,57,Female,New Delhi
MA929957,Bill,Buttaro,37,Male,Gurgaon
UY948498,Celene,Kirstin,21,Male,Noida
US931229,Constance,Wildermuth,24,Female,New Delhi
TF241758,Iseabal,Eben,26,Female,Faridabad
TV720982,Melisent,Gabrielli,51,Male,Gurgaon
VG201260,Louella,Honoria,61,Female,Gurgaon
PK345953,Madeleine,Dichy,32,Female,Gurgaon
AR275115,Alisha,Gualtiero,57,Male,Gurgaon
MV712395,Norine,Gaulin,33,Male,Noida
HK676409,Eve,Etom,27,Female,Jaipur
TM601294,Valli,Burkle,60,Female,Gurgaon
GE987671,Cathie,Emanuel,52,Male,Gurgaon
PM303574,Frank,Syd,42,Male,Noida
TR883050,Demetris,Suanne,53,Male,Faridabad
HT969052,Penelopa,Kare,50,Male,New Delhi
DZ163505,Arabel,Marcellus,44,Female,Noida
AD586903,Augustine,Angelis,25,Male,New Delhi
NU157281,Morganica,Hutchison,39,Female,Faridabad
LT425835,Joelly,Wolfgram,22,Female,New Delhi
SZ624792,Rochette,Himelman,33,Male,New Delhi
DJ718590,Tiffie,Concha,55,Female,Jaipur
UG774775,Nannie,Pond,38,Female,Gurgaon
NA134828,Melodie,Ranjiv,46,Male,New Delhi
TK664393,Peri,Ricki,58,Female,Jaipur
BT355128,Danny,Edmund,26,Male,Noida
DO446722,Ezmeralda,Maiah,49,Male,Faridabad
DM449700,Justinn,Beebe,58,Female,Jaipur
GR238727,Katuscha,Sherfield,41,Male,Noida
QA242546,Gusty,Arne,53,Male,New Delhi
ZM215089,Myrtice,Trey,23,Male,New Delhi
JP925237,Eve,Byrne,26,Female,Jaipur
AL580059,Fanny,Penelopa,53,Male,New Delhi
BH495479,Rosanne,Rosemary,58,Female,Faridabad
NA798990,Susette,Gilbertson,64,Male,Faridabad
KH710154,Isa,Tristram,47,Female,Noida
MW755283,Lenna,Bryna,39,Male,Noida
TL693121,Cordi,Dominy,20,Male,Jaipur
MM995738,Tiffie,Byrne,56,Female,Jaipur
ML920537,Elyssa,Pulsifer,65,Female,Jaipur
JP527379,Lucille,Hessler,40,Male,New Delhi
TF962349,Kore,Eldrid,29,Female,Jaipur
CG491880,Korrie,Garrison,29,Male,Noida
KN446804,Steffane,Lorain,25,Female,Faridabad
UA399741,Marcy,Kathie,34,Female,New Delhi
VN336080,Felice,Chaing,45,Male,New Delhi
PG327434,Alyda,Ackerley,50,Female,Gurgaon
ST662851,Lonnie,Ries,44,Male,Gurgaon
LI206650,Larine,Tufts,53,Male,Gurgaon
CY717333,Cissiee,Ellord,22,Female,New Delhi
TC287877,Ursulina,Nahum,46,Female,Gurgaon
TF201084,Lucy,Aldric,21,Female,Gurgaon
SB763210,Madalyn,Ralfston,56,Female,Faridabad
MK247903,Sean,Thema,48,Female,Noida
CN727241,Glenda,Engdahl,38,Male,Gurgaon
AD974181,Viviene,Fiester,47,Male,Jaipur
TL684034,Corry,Delp,38,Female,New Delhi
BM542819,Michaelina,Mott,25,Male,Gurgaon
GM79071,Nyssa,Sawtelle,44,Female,Gurgaon
MQ798708,Miquela,Pulsifer,60,Male,Faridabad
CF572574,Damaris,Saree,28,Male,Jaipur
WS957706,Delilah,Leffen,64,Female,New Delhi
GP709974,Ethel,Dichy,20,Male,New Delhi
JP280238,Sarette,Cassius,20,Female,Noida
OM565200,Kelly,Land,35,Female,New Delhi
MD139727,Cherilyn,Wesle,31,Female,Jaipur
MW587122,Hope,Goode,32,Male,New Delhi
BV600486,Jackie,Bendick,61,Female,New Delhi
FK933817,Chickie,Maisey,43,Female,Jaipur
MS377612,Kathy,Pulsifer,53,Male,Gurgaon
TK212613,Cyndie,Sasnett,64,Male,Gurgaon
ZW916245,Catharine,Trace,49,Male,Jaipur
TK893717,Johna,Eugenia,57,Female,Gurgaon
KN774014,Myriam,Granoff,32,Female,New Delhi
BY776147,Moyna,Byrne,22,Male,Noida
BA627048,Stacey,Eldrid,61,Female,Faridabad
KI546491,Beverley,Talia,27,Male,Jaipur
BV452932,Zia,Sidonius,42,Male,Noida
SK853303,Rosaline,Fillbert,44,Male,Faridabad
PN723395,Kore,Poll,47,Female,Noida
ER936810,Vivia,Thar,51,Female,Faridabad
MO929404,Roseline,Cullin,56,Male,Jaipur
LA682314,Sophia,Malanie,62,Female,Faridabad
BB984416,Tomasina,Frodi,29,Male,New Delhi
SO705379,Lanae,Love,35,Female,Noida
PT711696,Nicoli,McGrody,26,Female,Jaipur
CY723061,Caryl,Adlare,52,Female,New Delhi
UY496963,Ethel,Bendick,64,Female,Jaipur
ZW323742,Tarra,Arquit,25,Male,Faridabad
IO212601,Willetta,Vivle,29,Male,Faridabad
MQ296048,Tressa,Janene,64,Male,Faridabad
GD483682,Renae,Fabiola,46,Male,Jaipur
DO662458,Lorie,Santoro,21,Female,Jaipur
MS542762,Albertina,Hoenack,47,Female,Faridabad
SG488357,Hallie,Ventre,52,Male,Gurgaon
JO191216,Natka,Lia,48,Male,Gurgaon
JO561455,Willetta,Janith,52,Male,Noida
NP451630,Rori,Vastah,42,Male,Faridabad
LS957082,Lizzie,Stanwood,62,Female,Gurgaon
EH832559,Amelia,Felizio,23,Female,Jaipur
FO285969,Therine,Olnee,56,Male,New Delhi
KG400698,Karolina,Buffum,25,Female,Faridabad
GM193110,Ethel,Jena,23,Male,New Delhi
SH941674,Eolanda,Judye,59,Male,Faridabad
GE469726,Andeee,Schroth,64,Male,Gurgaon
PN277161,Elmira,Kalinda,53,Male,Faridabad
BS445854,Ofilia,Middleton,49,Male,Jaipur
FJ723821,Gertrud,Dermott,23,Male,Faridabad
TT132344,Dari,Zina,35,Male,New Delhi
SB551223,Gusty,Anselmi,23,Female,Jaipur
BG332577,Joane,Wind,29,Male,Noida
TN859252,Clarice,Carolin,51,Female,Gurgaon
GW488767,Ann-Marie,Jagir,49,Female,Gurgaon
HU576208,Elfreda,Ilka,44,Female,Gurgaon
CV103544,Danika,Eliathas,31,Female,Noida
MC122263,Janey,Tengdin,46,Male,Jaipur
SC267411,Drucie,Vins,26,Female,Jaipur
GG347308,Lyssa,Hylan,39,Male,New Delhi
VI730458,Belinda,Aida,44,Male,Gurgaon
KY909587,Margette,Candy,37,Male,Noida
SK359595,Janey,Auberbach,26,Male,Gurgaon
ML246829,Marti,Strephon,65,Female,Noida
SA635389,Moyna,Calhoun,49,Female,Noida
RU473847,Ira,Serilda,21,Male,Faridabad
GY845394,Elie,Dominy,52,Male,Gurgaon
SK359232,Alie,Greyson,30,Male,Jaipur
DZ670963,Lucy,Cleo,46,Female,Noida
AU164563,Allis,Vittoria,39,Male,Gurgaon
PG565396,Brianna,Pyle,21,Female,Faridabad
BR149948,Philis,Fancie,27,Male,New Delhi
NE960804,Darlleen,Kaete,27,Female,New Delhi
GI925635,Lynde,Billye,43,Male,Gurgaon
BZ299228,Dulce,Codding,46,Male,Jaipur
ST642210,Lucille,Desai,23,Male,Gurgaon
GU756051,Shannah,Esmaria,27,Female,New Delhi
CU419615,Ruthe,Thornburg,42,Female,Gurgaon
GG346792,Hallie,Magdalen,34,Male,Jaipur
BE629758,Susette,Tengdin,46,Female,Jaipur
TV701749,Ofilia,Stevy,62,Male,Faridabad
IR431691,Hermione,Hazlett,56,Female,Noida
MG353196,Sue,Cressida,24,Female,Gurgaon
AN630374,Beth,Abram,32,Male,Noida
BE415536,Kayla,Fadiman,21,Female,Jaipur
GD472980,Nataline,Sancho,50,Male,Gurgaon
KY390421,Kerrin,Hartnett,23,Female,Faridabad
BM736048,Frances,Whittaker,23,Female,Jaipur
VN746548,Fayre,Lareena,61,Male,Faridabad
UM184960,Hettie,Cimbura,41,Male,Faridabad
TN781970,Kayla,Nea,27,Male,Jaipur
SY177957,Ilse,Japeth,34,Male,New Delhi
TK535449,Catrina,Medrek,47,Female,Gurgaon
MM146501,Kimberley,Krystle,40,Female,New Delhi
GB721350,Krystle,Edee,23,Female,Noida
NP934335,Tonia,Thar,47,Male,Jaipur
SH434353,Candy,Wittie,26,Female,New Delhi
SN797522,Lyssa,Bury,50,Female,Jaipur
GI489268,Florencia,Tyson,62,Male,New Delhi
LU924341,Jacquetta,Helfand,31,Male,Noida
NA295369,Viviene,Slifka,54,Male,New Delhi
GA988446,Inga,Urias,40,Female,Gurgaon
AO673182,Shannah,Daveta,29,Male,Jaipur
LR350369,Abbie,Abram,47,Male,Gurgaon
AS644266,Trudie,Orelee,26,Male,Jaipur
WF607142,Carree,Kalinda,36,Female,Noida
SR911377,Maisey,Francyne,28,Male,Faridabad
LV112808,Sibella,Kare,43,Male,Jaipur
KP574551,Bee,Giule,60,Female,New Delhi
FM503077,Claresta,Vilma,56,Male,Faridabad
MK576320,Konstance,Fontana,30,Male,Noida
BI871774,Feliza,Etom,60,Male,Noida
SJ245127,Babita,Ader,55,Male,Gurgaon
PR248260,Nananne,Willie,21,Female,New Delhi
BW809346,Cecile,Moina,42,Female,Noida
AF865596,Belva,Richers,49,Female,New Delhi
TR983198,Agathe,Marsden,65,Male,New Delhi
SB101824,Edee,Gombach,44,Female,New Delhi
KI115261,Paule,Sundin,20,Male,Noida
TF332510,Kristina,Nea,33,Male,New Delhi
FO614599,Hollie,Dawkins,46,Male,Gurgaon
SE444413,Dulcinea,Fadiman,51,Female,Noida
HR713499,Basia,Cressida,65,Male,Jaipur
NZ636427,Anallese,Kevon,33,Male,Noida
JE197829,Daphne,Margarete,60,Female,Jaipur
IO948860,Joane,Allare,48,Male,Faridabad
LR332768,Alex,Docilla,58,Male,Noida
JE782401,Charmaine,Hermes,23,Female,Faridabad
AF251441,Aigneis,Honoria,48,Female,Faridabad
AI526855,Cassandra,Pandolfi,22,Female,Faridabad
AL815833,Jenilee,Carvey,29,Female,Gurgaon
KH810443,Ida,Rolf,25,Male,New Delhi
PW671466,Giustina,Richers,47,Female,Gurgaon
LV797143,Aili,Borrell,52,Male,New Delhi
PW697055,Clo,Tillford,27,Male,Gurgaon
AO505512,Robbi,Gregrory,52,Female,Jaipur
BT464430,Sam,Mathilde,34,Male,New Delhi
SG337050,Inga,Cadmar,22,Male,Noida
AN688250,Corene,Flyn,60,Female,Gurgaon
GH625919,Lindie,Tybald,43,Female,Noida
BD876143,Anica,Kirstin,58,Male,New Delhi
MD705364,Gui,Nedrud,52,Male,Faridabad
GS700031,Mara,Loleta,31,Female,Noida
KN358553,Ilse,Zuzana,40,Female,Jaipur
CC992491,Nessie,Trinetta,49,Male,New Delhi
VC450105,Annabela,Genna,28,Female,Noida
GR658622,Berta,Erskine,27,Female,Faridabad
UA799089,Emmey,Charmine,57,Male,Jaipur
LC353613,Keelia,Maryanne,59,Male,New Delhi
NP143615,Wanda,Adrienne,31,Male,Jaipur
AT827688,Monika,Faust,54,Female,Faridabad
LA857196,Latisha,Hurley,46,Male,Noida
BE472431,Maryellen,Marlie,64,Female,Faridabad
HN749274,Stacey,Raama,51,Female,New Delhi
LU799054,Fina,Gusella,49,Female,Gurgaon
BM605160,Joeann,Barney,52,Male,Jaipur
CI315454,Kristina,Lorenz,62,Male,Jaipur
PG809444,Dolli,Quinn,48,Female,Gurgaon
CS723390,Latisha,Chesna,39,Male,Faridabad
SI810582,Bettine,Allare,22,Female,Faridabad
CH234978,Jean,Hanleigh,23,Female,Faridabad
AM548881,Tera,Iphlgenia,23,Female,Noida
BD565896,Hildegaard,Hathaway,33,Male,Gurgaon
GS724019,Justinn,Brotherson,27,Female,Gurgaon
BI673331,Nikki,Rhu,21,Female,Jaipur
MG210892,Hayley,Florina,64,Female,Noida
ML193356,Mara,Himelman,39,Male,New Delhi
CU755713,Carol-Jean,Kirstin,33,Female,Noida
MP191379,Christian,Millda,20,Male,Gurgaon
VG229539,Danika,Nahum,62,Female,Faridabad
MN714652,Lucille,Cecile,40,Female,Jaipur
PF811374,Nicoli,Goddard,51,Female,Gurgaon
NC370762,Mary,Jena,59,Female,Noida
ZM303478,Pollyanna,Stelle,45,Male,Noida
TH568923,Bibby,Orelee,65,Male,Jaipur
VE953010,Madeleine,LaRue,46,Female,New Delhi
ZA406083,Marsiella,Dash,29,Female,Jaipur
PW437193,Millie,Bollay,57,Female,Gurgaon
NE310636,Joelly,Pascia,51,Female,Faridabad
BT37159,Fred,Howlyn,36,Male,Faridabad
GL871275,Merry,Yuille,23,Male,Jaipur
WF665816,Mahalia,Rodmann,23,Female,Jaipur
PL675680,Brana,Angelis,48,Male,Jaipur
BG796352,Gwyneth,Lattie,33,Female,Noida
PT454044,Kathy,Shelba,31,Female,Noida
NA291389,Halette,Travax,33,Female,Jaipur
MV894676,Rozele,Zenas,46,Female,Faridabad
NP125510,Celestyna,Dreda,61,Male,Faridabad
GA225202,Claresta,Bendick,64,Male,Gurgaon
NL415756,Ursulina,Lunsford,64,Male,Gurgaon
GT585831,Leona,Margret,41,Male,New Delhi
MW722903,Mignon,Eugenia,35,Male,Noida
GG604655,Orsola,Friede,57,Female,Gurgaon
NR871230,Gusella,Kenney,36,Female,Faridabad
SR552697,Bertine,Jagir,35,Male,Noida
BJ891210,Elora,Adamsen,34,Female,Gurgaon
ST643108,Demetris,Cordi,54,Female,Noida
CF430773,Berta,Ambrosia,51,Male,Noida
GE981637,Cacilie,Lacombe,25,Male,Faridabad
MW943889,Cyndie,Docilla,29,Female,Gurgaon
AW837434,Romona,Merna,29,Female,Faridabad
HR205418,Suzette,Rebecka,30,Female,Gurgaon
PW958918,Albertina,Cherianne,52,Male,Faridabad
PS375068,Frances,Carey,54,Female,Gurgaon
EH260212,Chere,Ciapas,47,Male,Faridabad
SJ654453,Judy,Annice,24,Female,Jaipur
MZ319820,Agnese,Roarke,63,Female,Jaipur
MR684156,Robinia,Ahab,52,Female,Noida
MM674811,Keelia,Turne,25,Male,Gurgaon
VI191752,Rani,Breed,53,Male,Jaipur
LV430698,Evita,Sammons,36,Female,New Delhi
ER142635,Cissiee,McLaughlin,52,Female,Faridabad
MP617001,Joeann,Cosenza,55,Male,New Delhi
MM984174,Alexine,Burkle,36,Female,Jaipur
BZ527763,Claudina,Aurelio,29,Male,Jaipur
BN404679,Charissa,Teddman,38,Male,Jaipur
PL711015,Rebeca,Peg,54,Female,Gurgaon
CO419959,Rhea,Mike,46,Female,New Delhi
IT154052,Jean,Bibi,64,Female,Faridabad
ZA340248,Marsiella,Brian,65,Female,Gurgaon
US700466,Arlina,Carri,53,Male,Faridabad
LB595661,Aryn,Dowski,32,Male,New Delhi
CY154434,Winny,Hedve,27,Male,Noida
IN726246,Vonny,Philipp,42,Female,Noida
SD861228,Shel,Roxanna,61,Female,Jaipur
CL400418,Jacenta,Bryna,43,Male,Gurgaon
TF774874,Zondra,Gusella,58,Female,Jaipur
LV623019,Rori,Weide,38,Male,Jaipur
KN996101,Cyndie,Jammal,20,Female,Gurgaon
SG260616,Rosaline,Tarrant,29,Female,Noida
MY973521,Krystle,Ovid,20,Female,Faridabad
ZM797836,Raf,Meli,49,Female,Jaipur
VG535709,Tabbatha,Raffo,55,Male,New Delhi
GL982911,Harrietta,Leifeste,26,Female,Noida
JO917103,Merle,Ade,51,Male,Noida
BO350993,Teriann,Kendrick,24,Female,New Delhi
IE160810,Marguerite,Ricki,55,Female,New Delhi
AW365842,Antonietta,Grimbly,22,Male,New Delhi
RE777240,Maisey,O'Neill,51,Male,Jaipur
GF348649,Philis,Afton,61,Male,New Delhi
MX440142,Arabel,Stacy,63,Female,New Delhi
DZ117571,Elise,Radu,23,Male,Jaipur
BA861859,Letizia,Ambrosia,41,Female,Jaipur
MH535434,Britte,Larochelle,37,Female,Noida
AW923197,Marsiella,Amasa,23,Female,New Delhi
DZ997952,Joy,McAdams,55,Male,Noida
NU671253,Dale,Byrne,46,Female,Jaipur
VE190965,Ursulina,Kamaria,37,Female,Gurgaon
SV188702,Suzette,Dermott,64,Female,Gurgaon
GG309030,Ilse,Astra,59,Female,Gurgaon
MS376961,Emmey,Pyle,39,Male,Faridabad
PA732470,Nyssa,Leopold,40,Male,Faridabad
PF989391,Tobe,Carvey,58,Female,Noida
CO965738,Gwyneth,Linskey,27,Male,Gurgaon
TH262139,Shauna,Manolo,32,Female,Faridabad
BH915225,Doro,Brackely,31,Male,New Delhi
GT968816,Vivia,Verger,27,Male,Faridabad
BG326064,Moyna,Kimmie,50,Female,New Delhi
BO924102,Gabi,Pandolfi,30,Female,Jaipur
NP643366,Bettine,Stoller,37,Female,New Delhi
NA452563,Xylina,Felecia,23,Female,New Delhi
NP551373,Maurene,Goth,35,Female,New Delhi
VG347888,Julieta,Rugen,35,Male,Jaipur
RU362320,Feliza,Rosemary,48,Male,Noida
FR773702,Carol-Jean,Halla,26,Female,Gurgaon
CF862743,Katuscha,Reidar,30,Female,New Delhi
CD331073,Lonnie,Kelula,63,Female,Gurgaon
DJ978156,Kristina,Edmund,54,Female,Noida
FR307013,Kathy,Jillane,44,Male,Gurgaon
RE965743,Lacie,Saree,56,Female,New Delhi
MY731592,Chere,Melan,62,Female,Jaipur
LK361601,Damaris,Maisey,61,Female,Noida
TC816668,Deloria,Thomasina,42,Male,New Delhi
LI118032,Angela,Gemini,21,Female,Jaipur
OM676986,Chrystel,Remmer,48,Female,Jaipur
RE298467,Arabel,Magdalen,38,Male,Noida
LV254911,Averyl,Jacobah,22,Female,Noida
HT525416,Rochette,Raseda,31,Female,New Delhi
IN131606,Yolane,Wenda,21,Female,Noida
SO444320,Nicoli,Sinegold,41,Female,Noida
KP694893,Ofilia,Graig,38,Female,New Delhi
BH787844,Joleen,Jagir,24,Male,Faridabad
CS758835,Gavrielle,Amethist,51,Female,New Delhi
GG223917,Tobe,Ade,56,Male,Gurgaon
FK256099,Glynnis,Philipp,59,Male,Noida
KR541473,Dawn,Buttaro,39,Male,Jaipur
KG119701,Barbi,Vary,50,Female,Noida
CK662249,Aaren,Junie,20,Male,Faridabad
GY587681,Cathyleen,Borrell,55,Female,Gurgaon
GH667723,Brietta,MacIntosh,22,Male,Noida
DZ920676,Maridel,Friede,50,Female,Noida
SB322517,Ruthe,Korey,33,Female,Gurgaon
PF885770,Dari,Ambrosia,25,Female,Jaipur
BF624080,Belinda,Middleton,20,Female,New Delhi
BW960289,Merci,Jeanne,42,Female,Faridabad
ID604143,Lily,Ax,20,Female,Faridabad
PW366180,Consuela,Kazimir,56,Male,Faridabad
MY759318,Glynnis,Pierette,39,Female,New Delhi
NP904473,Judy,Suk,39,Male,Jaipur
GY380902,Joleen,Goth,46,Female,Faridabad
LB491799,Starla,Hailee,33,Female,New Delhi
MN71484,Hollie,Adlare,37,Female,Gurgaon
JO376884,Lily,Kristi,48,Male,New Delhi
EH770280,Clo,Riordan,58,Male,Gurgaon
CC642988,Jere,Schonfeld,44,Female,Noida
GY238480,Almeta,Ovid,60,Male,Jaipur
LC889635,Joleen,Koehler,21,Female,New Delhi
UY472693,Madelle,Lipson,65,Male,Noida
LT202983,Dari,Breed,64,Female,Noida
LU556612,Kary,Lipson,56,Female,Noida
PA769485,Aryn,Eckblad,49,Female,Jaipur
AM601373,Tina,Zaslow,28,Male,Gurgaon
MD226009,Donetta,Hamil,32,Female,Jaipur
NC881625,Olivette,Quinn,64,Male,Faridabad
NE380847,Asia,Clara,20,Male,Gurgaon
LS393389,Oralee,Fairweather,40,Female,Jaipur
AS385843,Kaja,Rheingold,43,Female,Gurgaon
TT213825,Brana,Kaja,30,Male,Jaipur
BM187346,Taffy,Gino,43,Female,Noida
BA618338,Brynna,Federica,55,Male,Noida
WF624968,Elise,Chandler,21,Female,New Delhi
GM287258,Elyssa,Jalbert,55,Female,Jaipur
AG517247,Kore,Dudley,24,Female,New Delhi
SM951579,Tressa,Simmonds,22,Male,Jaipur
GA757681,Althea,Horan,51,Male,Faridabad
FK837823,Olivette,Therine,30,Female,New Delhi
MZ871383,Linet,Bonucci,23,Female,Jaipur
SN303364,Layla,Torray,23,Female,Noida
PL770924,Laure,Travax,40,Male,Faridabad
VI240736,Sophia,Maples,64,Male,Jaipur
BM522743,Laure,Hollingsworth,57,Male,New Delhi
MY188383,Sara-Ann,Thilda,20,Male,Gurgaon
NP947979,Quintina,Eben,30,Female,New Delhi
WS783856,Trixi,Moseley,41,Female,New Delhi
AZ625811,Fidelia,Lenny,26,Male,Faridabad
KI984831,Tarra,Dawkins,56,Male,Noida
FR393664,Elbertina,Lamoree,57,Female,Faridabad
CI748350,Brietta,Valoniah,55,Female,Faridabad
GB979322,Deane,Germann,60,Female,New Delhi
LT192215,Nanete,Schroth,29,Male,Faridabad
NU824530,Jany,Pierette,31,Male,Noida
IS498175,Susette,Gilmour,29,Male,Jaipur
NR209850,Arabel,Abbot,51,Female,Faridabad
FM503880,Carilyn,Secrest,23,Male,Jaipur
AM225587,Sashenka,Linehan,47,Female,Faridabad
PH938862,Eadie,Francyne,45,Female,New Delhi
GW198809,Basia,Meli,23,Male,New Delhi
BG185960,Jeanna,Sprage,32,Male,New Delhi
KZ481669,Hallie,Masao,55,Male,Jaipur
TT925699,Briney,Birdella,38,Female,New Delhi
DK476453,Mariele,Mich,61,Female,Gurgaon
ER774284,Dorthy,Soneson,39,Female,Faridabad
RW437233,Cyb,Adrienne,54,Male,Gurgaon
BT332001,Ashlee,Anton,60,Male,Faridabad
DM796871,Edith,Xerxes,42,Female,New Delhi
CF687110,Phedra,Kermit,46,Female,New Delhi
UG164984,Deloria,Meter,43,Male,Jaipur
MD868090,Alie,Fiann,44,Male,Faridabad
SY125824,Misha,Seessel,60,Male,Jaipur
CL960095,Kara-Lynn,An,65,Female,Gurgaon
AW549996,Bernie,Arne,47,Male,New Delhi
GL490513,Nessie,Simmonds,65,Female,Faridabad
IO778622,Eolanda,Fosque,45,Female,New Delhi
CZ297857,Mireielle,Stanwood,43,Female,Noida
KG858471,Annora,Weide,37,Female,Jaipur
KY496555,Madeleine,Reidar,35,Female,Gurgaon
HT315341,Chickie,Bennie,37,Male,Faridabad
EG353543,Kelly,Uund,37,Male,Jaipur
UG679380,Orelia,Fennessy,51,Female,Noida
DK712412,Wendi,Schwejda,23,Female,Noida
GW932747,Fredericka,Ioab,65,Female,Jaipur
FJ266341,Clementine,Prouty,44,Female,Gurgaon
SV267342,Iseabal,Bahr,28,Female,Noida
MA307873,Margarette,Milde,43,Female,Noida
SM221433,Shaylyn,Sigfrid,49,Female,Faridabad
GU145196,Lucy,Henebry,32,Male,Noida
ES843888,Emylee,Chaing,37,Male,New Delhi
KW106862,Jere,Moseley,39,Female,Gurgaon
KR439820,Angelique,Faria,49,Female,Noida
AI747655,Aurore,Cleavland,45,Male,New Delhi
HM824480,Cathie,Anton,26,Male,Jaipur
CL432962,Roseline,Nester,60,Male,Faridabad
AE978500,Rosaline,Yuille,46,Male,Jaipur
KE106081,Helena,Dunkin,30,Female,Faridabad
GT994157,Devina,Albertine,41,Male,Noida
PE379844,Donnie,Genna,35,Male,Faridabad
MN483607,Melisent,Paton,62,Female,Faridabad
DZ481199,Arlena,Durante,21,Male,New Delhi
NR989360,Aili,Skell,45,Male,Jaipur
VN880222,Elmira,Brackely,57,Female,Jaipur
HN768831,Jordan,Lea,43,Male,Gurgaon
LB670023,Rosanne,Alejoa,34,Male,New Delhi
EG776529,Karolina,McClimans,61,Male,Noida
NA669957,Merle,Terencio,32,Male,Jaipur
SH994011,Bee,Obed,25,Male,Faridabad
GR189256,Alia,Margret,22,Male,Noida
LV210378,Ekaterina,Sheng,39,Male,Faridabad
KG885817,Taffy,Wooster,65,Female,Faridabad
IQ667253,Emma,Anyah,34,Male,Jaipur
BG830346,Wendi,Haymes,39,Female,Jaipur
RO828825,Ermengarde,Bohlin,38,Female,Noida
MR310238,Millie,Jerald,44,Female,Jaipur
MH717041,Jackie,Johnsson,32,Male,New Delhi
WF530603,Ernesta,Ardra,32,Female,Jaipur
TR570314,Lory,Zaslow,31,Male,Jaipur
CD525022,Mellicent,Mathilde,50,Female,Gurgaon
SA766620,Christian,Sheedy,47,Male,New Delhi
NE189707,Jasmina,Randene,52,Female,Gurgaon
CD941401,Max,Dulciana,54,Male,Jaipur
SA177322,Clary,Tayib,52,Female,Faridabad
AD804274,Joceline,Weitman,54,Male,New Delhi
AX342192,Deedee,Atcliffe,29,Male,Gurgaon
CN377668,Kathi,Fennessy,39,Female,Faridabad
US208619,Caryl,Giff,54,Female,Noida
BS447988,Maryellen,Jacinda,53,Female,Jaipur
SC654721,Ingrid,Irmine,40,Female,Gurgaon
HR508406,Dorene,Tamsky,49,Female,New Delhi
MD289721,Kelly,Ramona,65,Female,Faridabad
TL525084,Constance,Mich,62,Male,Noida
UZ706245,Edee,Belanger,21,Male,New Delhi
MK491985,Vivia,Tamar,20,Female,Noida
GE627598,Nikki,Peg,32,Female,Gurgaon
NZ767460,Lynea,Loeb,54,Female,Gurgaon
GB618085,Jillayne,Noam,22,Female,Jaipur
EG793770,Di,Buttaro,50,Male,New Delhi
PN261369,Joane,Freddi,29,Male,Jaipur
ML517043,Alyssa,Catie,24,Female,Noida
ZW933252,Amelia,Moina,58,Male,Jaipur
FI463969,Thalia,Fink,41,Male,Faridabad
MG702219,Deane,Gwenore,29,Female,Gurgaon
HN397101,Chandra,Rustice,40,Male,Faridabad
AW112970,Deirdre,Ellerey,59,Female,Faridabad
AG178299,Silvana,Eliathas,49,Male,Noida
SL423230,Renae,Sallyann,38,Female,Jaipur
MK483372,Rosaline,Hoban,37,Female,Gurgaon
CF181336,Karly,Guthrie,48,Female,Jaipur
SB129335,Jemie,Roscoe,29,Female,Faridabad
TD501637,Jessy,Hailee,23,Female,Noida
BV533693,Perry,Zola,37,Female,Gurgaon
EG854655,Cecile,Bandeen,62,Female,New Delhi
MK816757,Cordi,Vale,64,Female,Faridabad
AR859755,Alie,Pillsbury,42,Female,Noida
VE288485,Karina,Colyer,23,Male,Faridabad
IT330478,Eadie,LaRue,32,Male,Jaipur
ZM736491,Doro,Kazimir,57,Male,Jaipur
DE313667,Dione,Abram,47,Male,New Delhi
PK669621,Kristina,Sinegold,61,Male,Noida
AD527645,Gretal,McClimans,61,Male,Faridabad
JO890072,Melanie,Even,44,Male,New Delhi
CN121024,Elise,Gemini,43,Male,Gurgaon
SN484158,Chloris,Pacorro,26,Male,Jaipur
MV277562,Caritta,Roscoe,27,Female,Noida
CA456448,Pierette,Marcellus,39,Male,Noida
TZ798672,Arlena,Rocray,25,Female,New Delhi
CG575502,Kate,Pond,21,Female,Faridabad
SC157126,Randa,McLaughlin,39,Female,Jaipur
TO613960,Ebonee,Bronk,31,Male,Faridabad
AU718909,Marti,Reinke,40,Female,Noida
BE527096,Olivette,Merat,23,Male,Gurgaon
NE571779,Joy,Felecia,51,Male,Gurgaon
TC569441,Kristina,Millda,48,Female,Gurgaon
MK635499,Dennie,Roscoe,31,Male,Faridabad
IE550893,Randa,Artie,25,Female,New Delhi
TC347608,Harrietta,Japeth,23,Male,Faridabad
KE639271,Elena,Azeria,34,Male,Noida
MM116945,Ardenia,Rebecka,63,Female,Gurgaon
AG174602,Nariko,Sigfrid,61,Male,Gurgaon
CH619753,Elka,Shaddock,44,Female,New Delhi
CY185403,Kerrin,Birdella,21,Male,Gurgaon
UM885273,Dede,Devlen,58,Female,New Delhi
PT586173,Darlleen,Fry,58,Male,Jaipur
PK203502,Vevay,Glovsky,63,Female,New Delhi
MR243238,Celene,Belanger,30,Female,Jaipur
LK415492,Oralee,Bibi,40,Female,Gurgaon
IL667792,Frances,Socha,28,Female,Gurgaon
CZ601891,Basia,Croix,53,Male,Noida
UG543210,Charlena,Burch,29,Male,Gurgaon
PM617652,Emmey,Mata,45,Male,Gurgaon
UG330691,Augustine,Read,63,Female,Gurgaon
TL823733,Agnese,Syd,52,Male,New Delhi
NG902657,Delilah,Selway,57,Male,Gurgaon
NA943271,Carolina,Shaddock,44,Male,Gurgaon
SV414905,Sadie,Lipson,47,Male,Faridabad
QA523494,Barbi,Rocray,39,Female,Jaipur
KW509493,Suzette,Diogenes,56,Male,Faridabad
PY518062,Janeczka,Alfons,23,Female,Faridabad
VI931068,Roseline,Pascia,41,Female,New Delhi
DO903821,Betta,Helfand,64,Male,Gurgaon
TV634065,Tobe,Havens,24,Male,Noida
NC547636,Kylynn,Cordi,33,Female,New Delhi
TD297531,Kirbee,Ramona,52,Female,New Delhi
FI730429,Josephine,Thad,27,Male,Faridabad
MY488076,Jobi,Gaulin,36,Male,New Delhi
BY413365,Ariela,Pulsifer,21,Male,Noida
TT721527,Blake,Barrus,39,Female,Faridabad
EC905571,Almeta,Halsey,34,Male,Jaipur
AN337354,Nataline,Tamar,30,Female,Jaipur
TD100500,Kaja,Skurnik,47,Female,Noida
